Origin_1,Origin_2,Destination_1,Destination_2,Start_Odometer,End_Odometer,Distance_km,Date
Brandon,,Saskatoon,,100000,100659,659,
Winnipeg,,Brandon,,62845,63060,215,"java.util.GregorianCalendar[time=?,areFieldsSet=false,areAllFieldsSet=false,lenient=true,zone=sun.util.calendar.ZoneInfo[id=""UTC"",offset=0,dstSavings=0,useDaylight=false,transitions=0,lastRule=null],firstDayOfWeek=1,minimalDaysInFirstWeek=1,ERA=?,YEAR=2025,MONTH=10,WEEK_OF_YEAR=?,WEEK_OF_MONTH=?,DAY_OF_MONTH=30,DAY_OF_YEAR=?,DAY_OF_WEEK=?,DAY_OF_WEEK_IN_MONTH=?,AM_PM=0,HOUR=0,HOUR_OF_DAY=0,MINUTE=0,SECOND=0,MILLISECOND=0,ZONE_OFFSET=?,DST_OFFSET=?]"
Edmonton,,Kelowna,,92604,93179,575,03-06-2016
Lankey,,Burnaby,,41908,41938,30,"java.util.GregorianCalendar[time=?,areFieldsSet=false,areAllFieldsSet=false,lenient=true,zone=sun.util.calendar.ZoneInfo[id=""UTC"",offset=0,dstSavings=0,useDaylight=false,transitions=0,lastRule=null],firstDayOfWeek=1,minimalDaysInFirstWeek=1,ERA=?,YEAR=2020,MONTH=7,WEEK_OF_YEAR=?,WEEK_OF_MONTH=?,DAY_OF_MONTH=23,DAY_OF_YEAR=?,DAY_OF_WEEK=?,DAY_OF_WEEK_IN_MONTH=?,AM_PM=0,HOUR=0,HOUR_OF_DAY=0,MINUTE=0,SECOND=0,MILLISECOND=0,ZONE_OFFSET=?,DST_OFFSET=?]"
Brandon,,Barrie,,128412,130112,1700,
Willowdale,,Caledon,,78955,79035,80,"java.util.GregorianCalendar[time=?,areFieldsSet=false,areAllFieldsSet=false,lenient=true,zone=sun.util.calendar.ZoneInfo[id=""UTC"",offset=0,dstSavings=0,useDaylight=false,transitions=0,lastRule=null],firstDayOfWeek=1,minimalDaysInFirstWeek=1,ERA=?,YEAR=2023,MONTH=5,WEEK_OF_YEAR=?,WEEK_OF_MONTH=?,DAY_OF_MONTH=21,DAY_OF_YEAR=?,DAY_OF_WEEK=?,DAY_OF_WEEK_IN_MONTH=?,AM_PM=0,HOUR=0,HOUR_OF_DAY=0,MINUTE=0,SECOND=0,MILLISECOND=0,ZONE_OFFSET=?,DST_OFFSET=?]"
Kelowna,,Langley,,247330,247720,390,"Jan 7 2023"
"Red Deer",,Regina,,104148,104938,790,
Regina,,Winnipeg,,104938,105510,572,
Barrie,ON,Willowdale,ON,211390,211480,90,"java.util.GregorianCalendar[time=?,areFieldsSet=false,areAllFieldsSet=false,lenient=true,zone=sun.util.calendar.ZoneInfo[id=""UTC"",offset=0,dstSavings=0,useDaylight=false,transitions=0,lastRule=null],firstDayOfWeek=1,minimalDaysInFirstWeek=1,ERA=?,YEAR=2021,MONTH=4,WEEK_OF_YEAR=?,WEEK_OF_MONTH=?,DAY_OF_MONTH=8,DAY_OF_YEAR=?,DAY_OF_WEEK=?,DAY_OF_WEEK_IN_MONTH=?,AM_PM=0,HOUR=0,HOUR_OF_DAY=0,MINUTE=0,SECOND=0,MILLISECOND=0,ZONE_OFFSET=?,DST_OFFSET=?]"
"Thunder Bay",,Kingston,,106212,106837,1625,
"Red Deer",AB,Edmonton,AB,156742,156887,145,"java.util.GregorianCalendar[time=?,areFieldsSet=false,areAllFieldsSet=false,lenient=true,zone=sun.util.calendar.ZoneInfo[id=""UTC"",offset=0,dstSavings=0,useDaylight=false,transitions=0,lastRule=null],firstDayOfWeek=1,minimalDaysInFirstWeek=1,ERA=?,YEAR=2024,MONTH=3,WEEK_OF_YEAR=?,WEEK_OF_MONTH=?,DAY_OF_MONTH=11,DAY_OF_YEAR=?,DAY_OF_WEEK=?,DAY_OF_WEEK_IN_MONTH=?,AM_PM=0,HOUR=0,HOUR_OF_DAY=0,MINUTE=0,SECOND=0,MILLISECOND=0,ZONE_OFFSET=?,DST_OFFSET=?]"
Sudbury,,"Thunder Bay",,107470,108471,1001,
"Thunder Bay",,Brandon,,108471,109615,1144,
Brandon,,"Prince Albert",,109615,110274,659,
"Prince Albert",,Edmonton,,110274,110840,566,
Caledon,,"Red Deer",,305118,308368,3250,"java.util.GregorianCalendar[time=?,areFieldsSet=false,areAllFieldsSet=false,lenient=true,zone=sun.util.calendar.ZoneInfo[id=""UTC"",offset=0,dstSavings=0,useDaylight=false,transitions=0,lastRule=null],firstDayOfWeek=1,minimalDaysInFirstWeek=1,ERA=?,YEAR=2016,MONTH=2,WEEK_OF_YEAR=?,WEEK_OF_MONTH=?,DAY_OF_MONTH=16,DAY_OF_YEAR=?,DAY_OF_WEEK=?,DAY_OF_WEEK_IN_MONTH=?,AM_PM=0,HOUR=0,HOUR_OF_DAY=0,MINUTE=0,SECOND=0,MILLISECOND=0,ZONE_OFFSET=?,DST_OFFSET=?]"
Langley,,Burnaby,,41908,41938,30,"java.util.GregorianCalendar[time=?,areFieldsSet=false,areAllFieldsSet=false,lenient=true,zone=sun.util.calendar.ZoneInfo[id=""UTC"",offset=0,dstSavings=0,useDaylight=false,transitions=0,lastRule=null],firstDayOfWeek=1,minimalDaysInFirstWeek=1,ERA=?,YEAR=2016,MONTH=4,WEEK_OF_YEAR=?,WEEK_OF_MONTH=?,DAY_OF_MONTH=4,DAY_OF_YEAR=?,DAY_OF_WEEK=?,DAY_OF_WEEK_IN_MONTH=?,AM_PM=0,HOUR=0,HOUR_OF_DAY=0,MINUTE=0,SECOND=0,MILLISECOND=0,ZONE_OFFSET=?,DST_OFFSET=?]"
Burnaby,,Lankey,,189560,189645,85,"java.util.GregorianCalendar[time=?,areFieldsSet=false,areAllFieldsSet=false,lenient=true,zone=sun.util.calendar.ZoneInfo[id=""UTC"",offset=0,dstSavings=0,useDaylight=false,transitions=0,lastRule=null],firstDayOfWeek=1,minimalDaysInFirstWeek=1,ERA=?,YEAR=2016,MONTH=3,WEEK_OF_YEAR=?,WEEK_OF_MONTH=?,DAY_OF_MONTH=30,DAY_OF_YEAR=?,DAY_OF_WEEK=?,DAY_OF_WEEK_IN_MONTH=?,AM_PM=0,HOUR=0,HOUR_OF_DAY=0,MINUTE=0,SECOND=0,MILLISECOND=0,ZONE_OFFSET=?,DST_OFFSET=?]"
Brooks,,Edmanton,AB,125420,125918,450,10-08-2022
Consart,AB,Kamloops,BC,285000,285990,990,"java.util.GregorianCalendar[time=?,areFieldsSet=false,areAllFieldsSet=false,lenient=true,zone=sun.util.calendar.ZoneInfo[id=""UTC"",offset=0,dstSavings=0,useDaylight=false,transitions=0,lastRule=null],firstDayOfWeek=1,minimalDaysInFirstWeek=1,ERA=?,YEAR=2022,MONTH=7,WEEK_OF_YEAR=?,WEEK_OF_MONTH=?,DAY_OF_MONTH=15,DAY_OF_YEAR=?,DAY_OF_WEEK=?,DAY_OF_WEEK_IN_MONTH=?,AM_PM=0,HOUR=0,HOUR_OF_DAY=0,MINUTE=0,SECOND=0,MILLISECOND=0,ZONE_OFFSET=?,DST_OFFSET=?]"
